{"cameraMode":{"drawMode":0,"name":"Shaded","section":"Shading Mode"},"sceneLighting":true,"audioPlay":false,"sceneViewState":{"showFog":true,"showMaterialUpdate":true,"showSkybox":true,"showFlares":true,"showImageEffects":true,"showParticleSystems":true},"in2DMode":false,"pivot":{"x":522.3759155273438,"y":27.198226928710939,"z":121.05779266357422},"rotation":{"x":0.08581876754760742,"y":0.09380827844142914,"z":-0.023703845217823983,"w":0.9922030568122864},"size":15.484742164611817,"orthographic":false}