{"cameraMode":{"drawMode":0,"name":"Shaded","section":"Shading Mode"},"sceneLighting":false,"audioPlay":false,"sceneViewState":{"showFog":false,"showMaterialUpdate":false,"showSkybox":false,"showFlares":false,"showImageEffects":false,"showParticleSystems":false},"in2DMode":false,"pivot":{"x":0.1936936378479004,"y":1.3379485607147217,"z":-0.2521839141845703},"rotation":{"x":0.0772782638669014,"y":-0.9087568521499634,"z":0.19445598125457765,"w":0.3611699938774109},"size":6.79569673538208,"orthographic":false}