{"cameraMode":{"drawMode":0,"name":"Shaded","section":"Shading Mode"},"sceneLighting":true,"audioPlay":false,"sceneViewState":{"showFog":true,"showMaterialUpdate":true,"showSkybox":true,"showFlares":true,"showImageEffects":true,"showParticleSystems":true},"in2DMode":false,"pivot":{"x":518.5637817382813,"y":28.232868194580079,"z":111.55123138427735},"rotation":{"x":-0.20157761871814729,"y":0.39127805829048159,"z":-0.07225481420755387,"w":-0.8955485820770264},"size":12.227327346801758,"orthographic":false}