{"cameraMode":{"drawMode":0,"name":"Shaded","section":"Shading Mode"},"sceneLighting":true,"audioPlay":false,"sceneViewState":{"showFog":true,"showMaterialUpdate":true,"showSkybox":true,"showFlares":true,"showImageEffects":true,"showParticleSystems":true},"in2DMode":false,"pivot":{"x":513.9580078125,"y":29.431304931640626,"z":105.20211029052735},"rotation":{"x":0.23859012126922608,"y":-0.44139647483825686,"z":0.11959772557020188,"w":0.8573489189147949},"size":5.734178066253662,"orthographic":false}