{"cameraMode":{"drawMode":0,"name":"Shaded","section":"Shading Mode"},"sceneLighting":false,"audioPlay":false,"sceneViewState":{"showFog":false,"showMaterialUpdate":false,"showSkybox":false,"showFlares":false,"showImageEffects":false,"showParticleSystems":false},"in2DMode":false,"pivot":{"x":201.81520080566407,"y":8.944269180297852,"z":6.803104400634766},"rotation":{"x":0.08509029448032379,"y":-0.8977839350700378,"z":0.19916141033172608,"w":0.3835960924625397},"size":14.267772674560547,"orthographic":false}