{"cameraMode":{"drawMode":0,"name":"Shaded","section":"Shading Mode"},"sceneLighting":true,"audioPlay":false,"sceneViewState":{"showFog":true,"showMaterialUpdate":true,"showSkybox":true,"showFlares":true,"showImageEffects":true,"showParticleSystems":true},"in2DMode":false,"pivot":{"x":519.3504028320313,"y":30.501989364624025,"z":106.76304626464844},"rotation":{"x":-0.06317861378192902,"y":-0.21605752408504487,"z":0.030247215181589128,"w":-0.9745291471481323},"size":2.935030221939087,"orthographic":false}