{"cameraMode":{"drawMode":0,"name":"Shaded","section":"Shading Mode"},"sceneLighting":true,"audioPlay":false,"sceneViewState":{"showFog":true,"showMaterialUpdate":true,"showSkybox":true,"showFlares":true,"showImageEffects":true,"showParticleSystems":true},"in2DMode":false,"pivot":{"x":518.90478515625,"y":30.19485092163086,"z":105.94960021972656},"rotation":{"x":0.054595883935689929,"y":0.09004559367895127,"z":-0.020766234025359155,"w":0.9948474168777466},"size":0.9569205641746521,"orthographic":false}