{"cameraMode":{"drawMode":0,"name":"Shaded","section":"Shading Mode"},"sceneLighting":false,"audioPlay":false,"sceneViewState":{"showFog":false,"showMaterialUpdate":false,"showSkybox":false,"showFlares":false,"showImageEffects":false,"showParticleSystems":false},"in2DMode":false,"pivot":{"x":0.0017027854919433594,"y":1.8642488718032838,"z":-0.3554825782775879},"rotation":{"x":0.06245514005422592,"y":-0.9118118286132813,"z":0.15117362141609193,"w":0.37671467661857607},"size":5.8690690994262699,"orthographic":false}