{"cameraMode":{"drawMode":0,"name":"Shaded","section":"Shading Mode"},"sceneLighting":true,"audioPlay":false,"sceneViewState":{"showFog":true,"showMaterialUpdate":true,"showSkybox":true,"showFlares":true,"showImageEffects":true,"showParticleSystems":true},"in2DMode":false,"pivot":{"x":1003.3749389648438,"y":51.65276336669922,"z":966.9155883789063},"rotation":{"x":-0.10601712763309479,"y":-0.3340855836868286,"z":0.03784900903701782,"w":-0.9357985258102417},"size":17.91893196105957,"orthographic":false}