{"cameraMode":{"drawMode":0,"name":"Shaded","section":"Shading Mode"},"sceneLighting":true,"audioPlay":false,"sceneViewState":{"showFog":true,"showMaterialUpdate":true,"showSkybox":true,"showFlares":true,"showImageEffects":true,"showParticleSystems":true},"in2DMode":false,"pivot":{"x":1018.1752319335938,"y":140.3502655029297,"z":1095.7252197265625},"rotation":{"x":-0.14197196066379548,"y":-0.8378103971481323,"z":0.25954845547676089,"w":-0.4590349495410919},"size":10.516998291015625,"orthographic":false}