{"cameraMode":{"drawMode":0,"name":"Shaded","section":"Shading Mode"},"sceneLighting":true,"audioPlay":false,"sceneViewState":{"showFog":true,"showMaterialUpdate":true,"showSkybox":true,"showFlares":true,"showImageEffects":true,"showParticleSystems":true},"in2DMode":false,"pivot":{"x":520.7890014648438,"y":28.332717895507814,"z":110.28689575195313},"rotation":{"x":-0.202938973903656,"y":-0.11717797070741654,"z":0.04049837961792946,"w":-0.9719732999801636},"size":5.496308326721191,"orthographic":false}