{"cameraMode":{"drawMode":0,"name":"Shaded","section":"Shading Mode"},"sceneLighting":true,"audioPlay":false,"sceneViewState":{"showFog":true,"showMaterialUpdate":true,"showSkybox":true,"showFlares":true,"showImageEffects":true,"showParticleSystems":true},"in2DMode":false,"pivot":{"x":519.637939453125,"y":130.3074188232422,"z":238.051025390625},"rotation":{"x":0.4511479437351227,"y":0.014262623153626919,"z":-0.009815090335905552,"w":0.8926554918289185},"size":22.0,"orthographic":false}