{"cameraMode":{"drawMode":0,"name":"Shaded","section":"Shading Mode"},"sceneLighting":false,"audioPlay":false,"sceneViewState":{"showFog":false,"showMaterialUpdate":false,"showSkybox":false,"showFlares":false,"showImageEffects":false,"showParticleSystems":false},"in2DMode":false,"pivot":{"x":-12.471961975097657,"y":0.5149020552635193,"z":-6.631362438201904},"rotation":{"x":-0.13759350776672364,"y":0.20115569233894349,"z":-0.02863566391170025,"w":-0.9694880843162537},"size":4.448863983154297,"orthographic":false}