{"cameraMode":{"drawMode":0,"name":"Shaded","section":"Shading Mode"},"sceneLighting":true,"audioPlay":false,"sceneViewState":{"showFog":true,"showMaterialUpdate":true,"showSkybox":true,"showFlares":true,"showImageEffects":true,"showParticleSystems":true},"in2DMode":false,"pivot":{"x":518.8624877929688,"y":30.680469512939454,"z":105.54261779785156},"rotation":{"x":0.0436626672744751,"y":0.1141219511628151,"z":-0.020844370126724244,"w":0.9929192662239075},"size":0.9569205641746521,"orthographic":false}