{"cameraMode":{"drawMode":0,"name":"Shaded","section":"Shading Mode"},"sceneLighting":false,"audioPlay":false,"sceneViewState":{"showFog":false,"showMaterialUpdate":false,"showSkybox":false,"showFlares":false,"showImageEffects":false,"showParticleSystems":false},"in2DMode":false,"pivot":{"x":-11.596444129943848,"y":12.653419494628907,"z":-3.8563191890716554},"rotation":{"x":-0.13256976008415223,"y":-0.4552673101425171,"z":0.06900115311145783,"w":-0.877825140953064},"size":34.805137634277347,"orthographic":false}