{"cameraMode":{"drawMode":0,"name":"Shaded","section":"Shading Mode"},"sceneLighting":true,"audioPlay":false,"sceneViewState":{"showFog":true,"showMaterialUpdate":true,"showSkybox":true,"showFlares":true,"showImageEffects":true,"showParticleSystems":true},"in2DMode":false,"pivot":{"x":983.4774169921875,"y":51.86397933959961,"z":975.4581298828125},"rotation":{"x":0.04540375620126724,"y":-0.16252106428146363,"z":0.006684761960059404,"w":0.9857698082923889},"size":30.154998779296876,"orthographic":false}