{"cameraMode":{"drawMode":0,"name":"Shaded","section":"Shading Mode"},"sceneLighting":true,"audioPlay":false,"sceneViewState":{"showFog":true,"showMaterialUpdate":true,"showSkybox":true,"showFlares":true,"showImageEffects":true,"showParticleSystems":true},"in2DMode":false,"pivot":{"x":519.778564453125,"y":28.306583404541017,"z":111.03147888183594},"rotation":{"x":0.20211419463157655,"y":-0.1908104419708252,"z":0.037939686328172687,"w":0.9604190587997437},"size":5.734178066253662,"orthographic":false}