{"cameraMode":{"drawMode":0,"name":"Shaded","section":"Shading Mode"},"sceneLighting":true,"audioPlay":false,"sceneViewState":{"showFog":true,"showMaterialUpdate":true,"showSkybox":true,"showFlares":true,"showImageEffects":true,"showParticleSystems":true},"in2DMode":false,"pivot":{"x":520.5557250976563,"y":29.127853393554689,"z":107.01249694824219},"rotation":{"x":0.058685533702373508,"y":0.03317109867930412,"z":-0.017707640305161477,"w":0.9981896281242371},"size":0.9569205641746521,"orthographic":false}