{"cameraMode":{"drawMode":0,"name":"Shaded","section":"Shading Mode"},"sceneLighting":true,"audioPlay":false,"sceneViewState":{"showFog":true,"showMaterialUpdate":true,"showSkybox":true,"showFlares":true,"showImageEffects":true,"showParticleSystems":true},"in2DMode":false,"pivot":{"x":520.6947021484375,"y":30.47895050048828,"z":105.00798034667969},"rotation":{"x":0.074182890355587,"y":0.0806773453950882,"z":-0.021866168826818467,"w":0.9943662881851196},"size":0.9569205641746521,"orthographic":false}