{"cameraMode":{"drawMode":0,"name":"Shaded","section":"Shading Mode"},"sceneLighting":true,"audioPlay":false,"sceneViewState":{"showFog":true,"showMaterialUpdate":true,"showSkybox":true,"showFlares":true,"showImageEffects":true,"showParticleSystems":true},"in2DMode":false,"pivot":{"x":522.2512817382813,"y":32.07221603393555,"z":112.22440338134766},"rotation":{"x":-0.1612180471420288,"y":0.07515653967857361,"z":0.002081827959045768,"w":-0.9844905734062195},"size":12.477710723876954,"orthographic":false}