{"cameraMode":{"drawMode":0,"name":"Shaded","section":"Shading Mode"},"sceneLighting":false,"audioPlay":false,"sceneViewState":{"showFog":true,"showMaterialUpdate":true,"showSkybox":false,"showFlares":true,"showImageEffects":true,"showParticleSystems":true},"in2DMode":false,"pivot":{"x":0.901242733001709,"y":107.2199478149414,"z":-8.309406280517579},"rotation":{"x":-0.03466034308075905,"y":-0.5011413097381592,"z":0.02097504213452339,"w":-0.8649712800979614},"size":2.790405511856079,"orthographic":false}