{"cameraMode":{"drawMode":0,"name":"Shaded","section":"Shading Mode"},"sceneLighting":false,"audioPlay":false,"sceneViewState":{"showFog":false,"showMaterialUpdate":false,"showSkybox":false,"showFlares":false,"showImageEffects":false,"showParticleSystems":false},"in2DMode":false,"pivot":{"x":0.785308837890625,"y":24.87297821044922,"z":4.485809326171875},"rotation":{"x":-0.18691913783550263,"y":0.3446633517742157,"z":-0.07015625387430191,"w":-0.9172740578651428},"size":132.82086181640626,"orthographic":false}