{"cameraMode":{"drawMode":0,"name":"Shaded","section":"Shading Mode"},"sceneLighting":true,"audioPlay":false,"sceneViewState":{"showFog":true,"showMaterialUpdate":true,"showSkybox":true,"showFlares":true,"showImageEffects":true,"showParticleSystems":true},"in2DMode":false,"pivot":{"x":516.46142578125,"y":31.361772537231447,"z":107.15373229980469},"rotation":{"x":0.026806149631738664,"y":-0.035259392112493518,"z":-0.01487632654607296,"w":0.9995365738868713},"size":0.9569205641746521,"orthographic":false}