{"cameraMode":{"drawMode":0,"name":"Shaded","section":"Shading Mode"},"sceneLighting":false,"audioPlay":false,"sceneViewState":{"showFog":false,"showMaterialUpdate":false,"showSkybox":false,"showFlares":false,"showImageEffects":false,"showParticleSystems":false},"in2DMode":false,"pivot":{"x":-5.325847625732422,"y":9.099420547485352,"z":0.8723346590995789},"rotation":{"x":-0.05902240052819252,"y":0.6962816119194031,"z":-0.05751897022128105,"w":-0.7131820917129517},"size":23.40684700012207,"orthographic":false}