{"cameraMode":{"drawMode":0,"name":"Shaded","section":"Shading Mode"},"sceneLighting":true,"audioPlay":false,"sceneViewState":{"showFog":true,"showMaterialUpdate":true,"showSkybox":true,"showFlares":true,"showImageEffects":true,"showParticleSystems":true},"in2DMode":false,"pivot":{"x":520.9815673828125,"y":29.018585205078126,"z":108.3716049194336},"rotation":{"x":0.14861345291137696,"y":0.38451939821243288,"z":-0.07988643646240235,"w":0.9082143902778626},"size":3.456620454788208,"orthographic":false}