{"cameraMode":{"drawMode":0,"name":"Shaded","section":"Shading Mode"},"sceneLighting":true,"audioPlay":false,"sceneViewState":{"showFog":true,"showMaterialUpdate":true,"showSkybox":true,"showFlares":true,"showImageEffects":true,"showParticleSystems":true},"in2DMode":false,"pivot":{"x":1009.9943237304688,"y":61.567073822021487,"z":946.0479125976563},"rotation":{"x":0.0888044610619545,"y":-0.5008452534675598,"z":0.05163443833589554,"w":0.8595231175422669},"size":3.4293646812438967,"orthographic":false}