{"cameraMode":{"drawMode":0,"name":"Shaded","section":"Shading Mode"},"sceneLighting":true,"audioPlay":false,"sceneViewState":{"showFog":true,"showMaterialUpdate":true,"showSkybox":true,"showFlares":true,"showImageEffects":true,"showParticleSystems":true},"in2DMode":false,"pivot":{"x":523.0703735351563,"y":30.3760929107666,"z":114.70407104492188},"rotation":{"x":0.08391497284173966,"y":-0.06710996478796005,"z":-0.008102639578282833,"w":0.9945288896560669},"size":5.505185127258301,"orthographic":false}