{"cameraMode":{"drawMode":0,"name":"Shaded","section":"Shading Mode"},"sceneLighting":false,"audioPlay":false,"sceneViewState":{"showFog":false,"showMaterialUpdate":false,"showSkybox":false,"showFlares":false,"showImageEffects":false,"showParticleSystems":false},"in2DMode":false,"pivot":{"x":2.7517471313476564,"y":17.459552764892579,"z":0.9438133239746094},"rotation":{"x":-0.14728201925754548,"y":-0.21533608436584474,"z":0.03294035792350769,"w":-0.9648229479789734},"size":119.16423797607422,"orthographic":false}